{"cameraMode":{"drawMode":0,"name":"Shaded","section":"Shading Mode"},"sceneLighting":false,"audioPlay":false,"sceneViewState":{"showFog":true,"showMaterialUpdate":false,"showSkybox":false,"showFlares":true,"showImageEffects":true,"showParticleSystems":true},"in2DMode":false,"pivot":{"x":1.6860454082489014,"y":1.3795994520187379,"z":0.6342371106147766},"rotation":{"x":-0.13227109611034394,"y":0.8360350728034973,"z":-0.23031742870807649,"w":-0.48022669553756716},"size":1.1445523500442505,"orthographic":false}