{"cameraMode":{"drawMode":0,"name":"Shaded","section":"Shading Mode"},"sceneLighting":true,"audioPlay":false,"sceneViewState":{"showFog":true,"showMaterialUpdate":false,"showSkybox":true,"showFlares":true,"showImageEffects":true,"showParticleSystems":true},"in2DMode":false,"pivot":{"x":279.30419921875,"y":-12.4486083984375,"z":33.77558135986328},"rotation":{"x":0.13420476019382478,"y":-0.7201104760169983,"z":0.1484055370092392,"w":0.6653301119804382},"size":28.006669998168947,"orthographic":false}