{"cameraMode":{"drawMode":0,"name":"Shaded","section":"Shading Mode"},"sceneLighting":false,"audioPlay":false,"sceneViewState":{"showFog":true,"showMaterialUpdate":false,"showSkybox":false,"showFlares":true,"showImageEffects":true,"showParticleSystems":true},"in2DMode":false,"pivot":{"x":165.33453369140626,"y":0.22185596823692323,"z":51.4665412902832},"rotation":{"x":0.04346320405602455,"y":0.9496551752090454,"z":-0.15104085206985475,"w":0.27143168449401858},"size":1.0603530406951905,"orthographic":false}