{"cameraMode":{"drawMode":0,"name":"Shaded","section":"Shading Mode"},"sceneLighting":true,"audioPlay":false,"sceneViewState":{"showFog":true,"showMaterialUpdate":false,"showSkybox":true,"showFlares":true,"showImageEffects":true,"showParticleSystems":true},"in2DMode":false,"pivot":{"x":212.83436584472657,"y":5.064568519592285,"z":267.95428466796877},"rotation":{"x":0.08865000307559967,"y":-0.7252123951911926,"z":0.09491242468357086,"w":0.6764834523200989},"size":1.4445521831512452,"orthographic":false}